{
  "name": "SimpleEspNowConnection",
  "keywords": "espnow, pairing, communication",
  "description": "ESP8266 Library for EspNow connections and pairing",
  "repository":
  {
    "type": "git",
    "url": "https://github.com/saghonfly/SimpleEspNowConnection.git"
  },
  "authors": 
  [
    {
      "name": "Erich O. Pintar",
      "email": "eop@pintarweb.net",
      "url": "http://pintarweb.net",
      "maintainer": true
    }
  ],
  "version": "1.2.0",
  "examples": "examples/*/*.ino",
  "frameworks": "arduino",
  "platforms": "*"
}
